{
  "model_type": "MVT",
  "hyperparameters": {
    "d_model": 32,
    "nhead": 2,
    "num_layers": 1,
    "dim_feedforward": 256,
    "dropout": 0.24693217840034312,
    "head_hidden1": 256,
    "head_hidden2": 128,
    "lr": 0.0001188685307280212,
    "feature_weight": 0.15284466708653988,
    "batch_size": 16
  },
  "metrics": {
    "mse": 1.2175850446962406,
    "mae": 0.8552139815799693,
    "r2": 0.4259705030103109
  },
  "feature_stats": {
    "G": [
      40.980384826660156,
      19.583065032958984
    ],
    "GS": [
      13.017475128173828,
      12.479801177978516
    ],
    "IP": [
      100.8460464477539,
      47.85468673706055
    ],
    "TBF": [
      425.47967529296875,
      198.9154815673828
    ],
    "HR": [
      13.021040916442871,
      7.960041046142578
    ],
    "BB": [
      33.6358757019043,
      16.116254806518555
    ],
    "SO": [
      97.47325134277344,
      48.91059875488281
    ],
    "GB": [
      124.47431945800781,
      66.0471420288086
    ],
    "GB%": [
      0.4344896376132965,
      0.07914639264345169
    ],
    "FB": [
      103.45791625976562,
      55.06260681152344
    ],
    "FB%": [
      0.36291012167930603,
      0.07804407179355621
    ],
    "LD": [
      58.37696075439453,
      30.612916946411133
    ],
    "Pitches": [
      1655.3341064453125,
      767.000732421875
    ],
    "CSW%": [
      0.278656929731369,
      0.02709796279668808
    ],
    "K%": [
      0.23372790217399597,
      0.05781387537717819
    ],
    "BB%": [
      0.08177211135625839,
      0.02431103028357029
    ],
    "FIP": [
      4.0276994705200195,
      0.9216951131820679
    ]
  },
  "war_mean": 1.3077032566070557,
  "war_std": 1.3699148893356323
}