{
  "model_type": "MVT",
  "hyperparameters": {
    "d_model": 64,
    "nhead": 2,
    "num_layers": 3,
    "dim_feedforward": 64,
    "dropout": 0.17077796710095788,
    "lr": 0.00010883853187725637,
    "batch_size": 64,
    "nlookbacks": 8
  },
  "features": [
    "R",
    "1B",
    "2B",
    "3B",
    "HR",
    "RBI",
    "BB",
    "SO",
    "HBP",
    "SB",
    "CS",
    "GDP",
    "PA",
    "AB",
    "xwOBA",
    "OPS",
    "ISO",
    "OBP",
    "O-Swing%",
    "Z-Swing%",
    "Swing%",
    "O-Contact%",
    "Z-Contact%",
    "Contact%",
    "Zone%",
    "SwStr%",
    "BsR",
    "LD%",
    "GB%",
    "FB%",
    "HR/FB",
    "Hard%",
    "GB/FB",
    "Barrel%"
  ],
  "score_map": {
    "R": 0.75,
    "1B": 1,
    "2B": 1.5,
    "3B": 2,
    "HR": 3,
    "RBI": 0.75,
    "BB": 1,
    "SO": -0.5,
    "HBP": 1,
    "SB": 1,
    "CS": -2,
    "GDP": -2
  },
  "feature_stats": {
    "R": [
      42.12693786621094,
      28.89531898498535
    ],
    "1B": [
      49.791908264160156,
      32.56304168701172
    ],
    "2B": [
      15.556300163269043,
      10.894529342651367
    ],
    "3B": [
      1.3680925369262695,
      1.8419640064239502
    ],
    "HR": [
      11.344046592712402,
      10.147969245910645
    ],
    "RBI": [
      40.57341003417969,
      28.922508239746094
    ],
    "BB": [
      29.889711380004883,
      22.437965393066406
    ],
    "SO": [
      75.43074798583984,
      43.69942855834961
    ],
    "HBP": [
      3.7280924320220947,
      3.8807733058929443
    ],
    "SB": [
      5.190982818603516,
      7.723580837249756
    ],
    "CS": [
      1.6638150215148926,
      2.223634958267212
    ],
    "GDP": [
      6.601156234741211,
      5.179483890533447
    ],
    "PA": [
      347.2365417480469,
      199.6177520751953
    ],
    "AB": [
      310.24114990234375,
      177.82489013671875
    ],
    "xwOBA": [
      0.3065255880355835,
      0.04857882857322693
    ],
    "OPS": [
      0.6997944116592407,
      0.13540345430374146
    ],
    "ISO": [
      0.15362197160720825,
      0.06475894898176193
    ],
    "OBP": [
      0.30795931816101074,
      0.05038311704993248
    ],
    "O-Swing%": [
      0.31458473205566406,
      0.06406544148921967
    ],
    "Z-Swing%": [
      0.6821593046188354,
      0.06373549997806549
    ],
    "Swing%": [
      0.47239720821380615,
      0.052271768450737
    ],
    "O-Contact%": [
      0.6180781722068787,
      0.09882998466491699
    ],
    "Z-Contact%": [
      0.8510843515396118,
      0.05641983449459076
    ],
    "Contact%": [
      0.7634490132331848,
      0.06664066761732101
    ],
    "Zone%": [
      0.4297255575656891,
      0.030399449169635773
    ],
    "SwStr%": [
      0.11231445521116257,
      0.035796698182821274
    ],
    "BsR": [
      -0.03354914113879204,
      2.113434314727783
    ],
    "LD%": [
      0.20317620038986206,
      0.040227048099040985
    ],
    "GB%": [
      0.4324677288532257,
      0.080058254301548
    ],
    "FB%": [
      0.3643583655357361,
      0.07792294025421143
    ],
    "HR/FB": [
      0.11972532421350479,
      0.07057655602693558
    ],
    "Hard%": [
      0.3208147883415222,
      0.07200329750776291
    ],
    "GB/FB": [
      0.0132950060069561,
      0.009099319577217102
    ],
    "Barrel%": [
      0.07084763050079346,
      0.0437040738761425
    ]
  },
  "metrics": {
    "overall_mse": 0.6054626107215881,
    "overall_mae": 0.5817766785621643,
    "overall_r2": 0.4289640188217163
  },
  "per_feature_metrics": {
    "R": {
      "mae": 18.71780014038086,
      "r2": 0.39183497428894043
    },
    "1B": {
      "mae": 21.335254669189453,
      "r2": 0.3696563243865967
    },
    "2B": {
      "mae": 7.299659252166748,
      "r2": 0.34529227018356323
    },
    "3B": {
      "mae": 1.1963088512420654,
      "r2": 0.2316264510154724
    },
    "HR": {
      "mae": 6.055232048034668,
      "r2": 0.4101538062095642
    },
    "RBI": {
      "mae": 18.33830451965332,
      "r2": 0.39891326427459717
    },
    "BB": {
      "mae": 13.048964500427246,
      "r2": 0.44473159313201904
    },
    "SO": {
      "mae": 30.384408950805664,
      "r2": 0.2979089617729187
    },
    "HBP": {
      "mae": 2.3511316776275635,
      "r2": 0.3491002321243286
    },
    "SB": {
      "mae": 4.043403625488281,
      "r2": 0.4380977749824524
    },
    "CS": {
      "mae": 1.2876511812210083,
      "r2": 0.3865262269973755
    },
    "GDP": {
      "mae": 3.2470273971557617,
      "r2": 0.36522769927978516
    },
    "PA": {
      "mae": 135.75743103027344,
      "r2": 0.35087817907333374
    },
    "AB": {
      "mae": 121.44537353515625,
      "r2": 0.3445091247558594
    },
    "xwOBA": {
      "mae": 0.025115767493844032,
      "r2": 0.5419617891311646
    },
    "OPS": {
      "mae": 0.07831055670976639,
      "r2": 0.4038271903991699
    },
    "ISO": {
      "mae": 0.03730938583612442,
      "r2": 0.4105856418609619
    },
    "OBP": {
      "mae": 0.02852269820868969,
      "r2": 0.4178771376609802
    },
    "O-Swing%": {
      "mae": 0.032456640154123306,
      "r2": 0.5568121671676636
    },
    "Z-Swing%": {
      "mae": 0.03662213310599327,
      "r2": 0.47350430488586426
    },
    "Swing%": {
      "mae": 0.026268446817994118,
      "r2": 0.5564264059066772
    },
    "O-Contact%": {
      "mae": 0.051871854811906815,
      "r2": 0.5458962321281433
    },
    "Z-Contact%": {
      "mae": 0.030706949532032013,
      "r2": 0.5328958034515381
    },
    "Contact%": {
      "mae": 0.03082159161567688,
      "r2": 0.6507576704025269
    },
    "Zone%": {
      "mae": 0.01852189004421234,
      "r2": 0.38540875911712646
    },
    "SwStr%": {
      "mae": 0.016464434564113617,
      "r2": 0.6394494771957397
    },
    "BsR": {
      "mae": 1.2922641038894653,
      "r2": 0.4011796712875366
    },
    "LD%": {
      "mae": 0.02987145446240902,
      "r2": 0.01305001974105835
    },
    "GB%": {
      "mae": 0.044784024357795715,
      "r2": 0.5362569093704224
    },
    "FB%": {
      "mae": 0.04267043247818947,
      "r2": 0.5539116859436035
    },
    "HR/FB": {
      "mae": 0.04248615354299545,
      "r2": 0.3613200783729553
    },
    "Hard%": {
      "mae": 0.040960900485515594,
      "r2": 0.4261922836303711
    },
    "GB/FB": {
      "mae": 0.0034292354248464108,
      "r2": 0.5087692737579346
    },
    "Barrel%": {
      "mae": 0.02277022786438465,
      "r2": 0.5447808504104614
    }
  }
}