{
  "model_type": "MVT",
  "hyperparameters": {
    "d_model": 64,
    "nhead": 2,
    "num_layers": 2,
    "dim_feedforward": 64,
    "dropout": 0.11634022453190997,
    "lr": 0.0004403818492559868,
    "batch_size": 64,
    "nlookbacks": 5
  },
  "features": [
    "IP",
    "ER",
    "SO",
    "SV",
    "BS",
    "WP",
    "H",
    "BB",
    "HBP",
    "W",
    "HLD",
    "L",
    "G",
    "GS",
    "TBF",
    "FIP",
    "xFIP",
    "xERA",
    "SIERA",
    "GB%",
    "FB%"
  ],
  "score_map": {
    "IP": 2.49,
    "ER": -2.75,
    "SO": 0.75,
    "SV": 2.25,
    "BS": -2.0,
    "WP": -0.75,
    "H": -0.75,
    "BB": -0.5,
    "HBP": -0.75,
    "W": 2.0,
    "HLD": 2.25,
    "L": -1.0
  },
  "feature_stats": {
    "IP": [
      69.56459045410156,
      51.799705505371094
    ],
    "ER": [
      31.900285720825195,
      23.877683639526367
    ],
    "SO": [
      67.10155487060547,
      51.826148986816406
    ],
    "SV": [
      2.2006537914276123,
      6.446202754974365
    ],
    "BS": [
      1.1346546411514282,
      1.7963467836380005
    ],
    "WP": [
      2.631793975830078,
      2.6042816638946533
    ],
    "H": [
      65.29301452636719,
      49.42006301879883
    ],
    "BB": [
      24.326522827148438,
      16.807584762573242
    ],
    "HBP": [
      3.057417154312134,
      2.906205415725708
    ],
    "W": [
      4.046792030334473,
      3.9270598888397217
    ],
    "HLD": [
      4.146914482116699,
      6.561851978302002
    ],
    "L": [
      3.960563898086548,
      3.497368574142456
    ],
    "G": [
      32.97016906738281,
      19.864341735839844
    ],
    "GS": [
      8.076624870300293,
      11.173833847045898
    ],
    "TBF": [
      295.9109191894531,
      215.1161346435547
    ],
    "FIP": [
      4.349767208099365,
      1.2632430791854858
    ],
    "xFIP": [
      4.323862075805664,
      0.8906433582305908
    ],
    "xERA": [
      4.386910438537598,
      1.2990516424179077
    ],
    "SIERA": [
      4.138596057891846,
      0.8388136625289917
    ],
    "GB%": [
      0.42768168449401855,
      0.08720844238996506
    ],
    "FB%": [
      0.3683144748210907,
      0.08545003086328506
    ]
  },
  "metrics": {
    "overall_mse": 0.6647273302078247,
    "overall_mae": 0.5888426899909973,
    "overall_r2": 0.3445355296134949
  },
  "per_feature_metrics": {
    "IP": {
      "mae": 30.450965881347656,
      "r2": 0.42059600353240967
    },
    "ER": {
      "mae": 13.505751609802246,
      "r2": 0.4241723418235779
    },
    "SO": {
      "mae": 30.564382553100586,
      "r2": 0.4185839891433716
    },
    "SV": {
      "mae": 2.273566246032715,
      "r2": 0.47756338119506836
    },
    "BS": {
      "mae": 0.9553577899932861,
      "r2": 0.352047324180603
    },
    "WP": {
      "mae": 1.7515738010406494,
      "r2": 0.1722782850265503
    },
    "H": {
      "mae": 27.82709503173828,
      "r2": 0.4359833598136902
    },
    "BB": {
      "mae": 10.503593444824219,
      "r2": 0.3394060730934143
    },
    "HBP": {
      "mae": 1.961251139640808,
      "r2": 0.23515307903289795
    },
    "W": {
      "mae": 2.458312749862671,
      "r2": 0.3254278302192688
    },
    "HLD": {
      "mae": 3.5894358158111572,
      "r2": 0.2798892855644226
    },
    "L": {
      "mae": 2.231048345565796,
      "r2": 0.3153834342956543
    },
    "G": {
      "mae": 13.33797836303711,
      "r2": 0.30236971378326416
    },
    "GS": {
      "mae": 4.915313243865967,
      "r2": 0.5732463598251343
    },
    "TBF": {
      "mae": 125.22232055664062,
      "r2": 0.423515260219574
    },
    "FIP": {
      "mae": 0.8212077617645264,
      "r2": 0.14033770561218262
    },
    "xFIP": {
      "mae": 0.5771061778068542,
      "r2": 0.20062071084976196
    },
    "xERA": {
      "mae": 0.8357869982719421,
      "r2": 0.1508968472480774
    },
    "SIERA": {
      "mae": 0.5484091639518738,
      "r2": 0.224351167678833
    },
    "GB%": {
      "mae": 0.04859161376953125,
      "r2": 0.4834372401237488
    },
    "FB%": {
      "mae": 0.04663025960326195,
      "r2": 0.4790757894515991
    }
  }
}